,,Amend2 & Techna Clip Rough Item Lead Times,,,,,,,,,,,,,,,,,,,,,,
,,Updated Biweekly,,,,,,,,,,,,,,,,,,,,,,
,,Last updated on 07/27/2026,,,,,,,,,,,,,,,,,,,,,,
order,SKU,Brief Item Description,Status,Rough ETA / Lead Time,Estimated Ship Date,Lead Time - Low,Lead Time - High,Lead Time - Unit,Built From SKU 1,Built From SKU - 2,Built From SKU - 3,Built From SKU - 4,Built From SKU - 5,Built From SKU - 6,Built From SKU - 7,Built From SKU - 8,Customization Add-On (weeks),Max Component Low (helper),Max Component High (helper),Component Is Open-Ended? (helper),Any Component Missing Data?,"Low Date (helper, hidden)","	High Date (helper, hidden)",Ship Date Overdue?
1,MOD2556-5RND,"Mod-2, Mod-3 & Mod-C AR-15 5.56/.223-Compatible Red Minus 5-Round Limiter 3-Pack",Discontinued,N/A,Cannot Be Fulfilled / Discontinued,,,,,,,,,,,,,,,FALSE,FALSE,,,FALSE
2,458MOD2BLK10,Mod-2 AR-15 .458 SOCOM/.50 Beowulf Black 10rd Magazine,Discontinued,N/A,Cannot Be Fulfilled / Discontinued,,,,,,,,,,,,,,,FALSE,FALSE,,,FALSE
3,3PACK556BLK30,"Mod-2 AR-15 5.56/.223 Black 30rd Magazines - 3-pack with Red, White & Blue Internals",Discontinued,N/A,Cannot Be Fulfilled / Discontinued,,,,,,,,,,,,,,,FALSE,FALSE,,,FALSE
4,556BANANA1030,Mod-2 AR-15 5.56/.223 Yellow Custom UV-Printed Banana 10/30 10rd Magazine - Restricted State Compliant,Made to Order,0 - 6 weeks,08/01/2026 - 09/12/2026,0,6,Weeks,556BANANA30,,,,,,,,2,08/01/2026,08/29/2026,FALSE,FALSE,08/01/2026,09/12/2026,FALSE
5,556BANANA30,Mod-2 AR-15 5.56/.223 Yellow Custom UV-Printed Banana 30rd Magazine,In-Stock,Ships ASAP (up to 4 weeks),08/01/2026 - 08/29/2026,0,4,Weeks,,,,,,,,,2,,,FALSE,FALSE,08/01/2026,08/29/2026,FALSE
6,556MOD2DDC30,Mod-2 AR-15 5.56/.223 Flat Dark Earth Custom UV-Printed Desert Digital Camo 30rd Magazine,Discontinued,N/A,Cannot Be Fulfilled / Discontinued,,,,,,,,,,,,,,,FALSE,FALSE,,,FALSE
7,556MOD2DFRG30,Mod-2 AR-15 5.56/.223 Flat Dark Earth Custom UV-Printed Desert Frogskin 30rd Magazine,Discontinued,N/A,Cannot Be Fulfilled / Discontinued,,,,,,,,,,,,,,,FALSE,FALSE,,,FALSE
8,556MOD2DNC30,Mod-2 AR-15 5.56/.223 Olive Drab Green Custom UV-Printed Desert Night Camo 30rd Magazine,Discontinued,N/A,Cannot Be Fulfilled / Discontinued,,,,,,,,,,,,,,,FALSE,FALSE,,,FALSE
9,556MOD2FTRN30,Mod-2 AR-15 5.56/.223 Olive Drab Green Custom UV-Printed Flecktarn 30rd Magazine,Discontinued,N/A,Cannot Be Fulfilled / Discontinued,,,,,,,,,,,,,,,FALSE,FALSE,,,FALSE
10,556MOD2GFT30,Mod-2 AR-15 5.56/.223 Gray Custom UV-Printed Flying Tiger 30rd Magazine,Discontinued,N/A,Cannot Be Fulfilled / Discontinued,,,,,,,,,,,,,,,FALSE,FALSE,,,FALSE
11,556SPRINK1030,Mod-2 AR-15 5.56/.223 Pink Custom UV-Printed Sprinkle Donut 10/30 10rd Magazine - Restricted State Compliant,Made to Order,0 - 6 weeks,08/01/2026 - 09/12/2026,0,6,Weeks,556SPRINKLE30,,,,,,,,2,08/01/2026,08/29/2026,FALSE,FALSE,08/01/2026,09/12/2026,FALSE
12,556SPRINKLE30,Mod-2 AR-15 5.56/.223 Pink Custom UV-Printed Sprinkle Donut 30rd Magazine,In-Stock,Ships ASAP (up to 4 weeks),08/01/2026 - 08/29/2026,0,4,Weeks,,,,,,,,,,,,FALSE,FALSE,08/01/2026,08/29/2026,FALSE
13,556MOD2B1030,Mod-2 AR-15 5.56/.223 Black 10/30 10rd Magazine - Restricted State Compliant,Made to Order,0 - 14 weeks,08/01/2026 - 11/07/2026,0,14,Weeks,556MOD2BLK30,,,,,,,,2,08/01/2026,10/24/2026,FALSE,FALSE,08/01/2026,11/07/2026,FALSE
14,556MOD2B1520,Mod-2 AR-15 5.56/.223 Black 15/20 15rd Magazine - CO Compliant,Discontinued,N/A,Cannot Be Fulfilled / Discontinued,,,,,,,,,,,,,,,FALSE,FALSE,,,FALSE
15,556MOD2BLK10,Mod-2 AR-15 5.56/.223 Black 10rd Magazine,Discontinued,N/A,Cannot Be Fulfilled / Discontinued,,,,,,,,,,,,,,,FALSE,FALSE,,,FALSE
16,556MOD2BLK20,Mod-2 AR-15 5.56/.223 Black 20rd Magazine,Discontinued,N/A,Cannot Be Fulfilled / Discontinued,,,,,,,,,,,,,,,FALSE,FALSE,,,FALSE
17,556MOD2BLK30,Mod-2 AR-15 5.56/.223 Black 30rd Magazine,Backordered,0 - 12 weeks,08/01/2026 - 10/24/2026,0,12,Weeks,,,,,,,,,,,,FALSE,FALSE,08/01/2026,10/24/2026,FALSE
18,A2MAGDRUMMOD2,Mod-2 AR-15 5.56/.223 Magazine Display Drum Dump Bin with 200 units of 556MOD2BLK30,Backordered,0 - 14 weeks,08/01/2026 - 11/07/2026,0,14,Weeks,556MOD2BLK30,,,,,,,,2,08/01/2026,10/24/2026,FALSE,FALSE,08/01/2026,11/07/2026,FALSE
19,556MOD2F1030,Mod-2 AR-15 5.56/.223 Flat Dark Earth 10/30 10rd Magazine - Restricted State Compliant,Discontinued,N/A,Cannot Be Fulfilled / Discontinued,,,,,,,,,,,,,,,FALSE,FALSE,,,FALSE
20,556MOD2FDE10,Mod-2 AR-15 5.56/.223 Flat Dark Earth 10rd Magazine,Discontinued,N/A,Cannot Be Fulfilled / Discontinued,,,,,,,,,,,,,,,FALSE,FALSE,,,FALSE
21,556MOD2FDE20,Mod-2 AR-15 5.56/.223 Flat Dark Earth 20rd Magazine,Discontinued,N/A,Cannot Be Fulfilled / Discontinued,,,,,,,,,,,,,,,FALSE,FALSE,,,FALSE
22,556MOD2FDE30,Mod-2 AR-15 5.56/.223 Flat Dark Earth 30rd Magazine,Discontinued,N/A,Cannot Be Fulfilled / Discontinued,,,,,,,,,,,,,,,FALSE,FALSE,,,FALSE
23,556MOD2GRY10,Mod-2 AR-15 5.56/.223 Gray 10rd Magazine,Discontinued,N/A,Cannot Be Fulfilled / Discontinued,,,,,,,,,,,,,,,FALSE,FALSE,,,FALSE
24,556MOD2GRY20,Mod-2 AR-15 5.56/.223 Gray 20rd Magazine,Discontinued,N/A,Cannot Be Fulfilled / Discontinued,,,,,,,,,,,,,,,FALSE,FALSE,,,FALSE
25,556MOD2GRY30,Mod-2 AR-15 5.56/.223 Gray 30rd Magazine,Discontinued,N/A,Cannot Be Fulfilled / Discontinued,,,,,,,,,,,,,,,FALSE,FALSE,,,FALSE
26,556MOD2ODG10,Mod-2 AR-15 5.56/.223 Olive Drab Green 10rd Magazine,Discontinued,N/A,Cannot Be Fulfilled / Discontinued,,,,,,,,,,,,,,,FALSE,FALSE,,,FALSE
27,556MOD2ODG20,Mod-2 AR-15 5.56/.223 Olive Drab Green 20rd Magazine,Discontinued,N/A,Cannot Be Fulfilled / Discontinued,,,,,,,,,,,,,,,FALSE,FALSE,,,FALSE
28,556MOD2ODG30,Mod-2 AR-15 5.56/.223 Olive Drab Green 30rd Magazine,Discontinued,N/A,Cannot Be Fulfilled / Discontinued,,,,,,,,,,,,,,,FALSE,FALSE,,,FALSE
29,A2ID556BLK30,Mod-2 AR-15 5.56/.223 Black 30rd Magazine - Idaho Edition,Discontinued,N/A,Cannot Be Fulfilled / Discontinued,,,,,,,,,,,,,,,FALSE,FALSE,,,FALSE
30,A2TX556BLK30,Mod-2 AR-15 5.56/.223 Black 30rd Magazine - Texas Edition,Discontinued,N/A,Cannot Be Fulfilled / Discontinued,,,,,,,,,,,,,,,FALSE,FALSE,,,FALSE
31,65GRENDBLK10,Mod-2 AR-15 6.5 Grendel/6mm ARC Black 10rd Magazine,In-Stock,Ships ASAP (up to 4 weeks),08/01/2026 - 08/29/2026,0,4,Weeks,,,,,,,,,,,,FALSE,FALSE,08/01/2026,08/29/2026,FALSE
32,458MOD3BLK10,Mod-3 AR-15 .458 SOCOM/.50 Beowulf Black 10rd Magazine,Discontinued,N/A,Cannot Be Fulfilled / Discontinued,,,,,,,,,,,,,,,FALSE,FALSE,,,FALSE
33,556MOD3BAC30,Mod-3 AR-15 5.56/.223 Black Custom UV-Printed Alpine-Cam Camo 30rd Magazine,Pre-Order Only,0 - 6 weeks,08/01/2026 - 09/15/2026,0,6,Weeks,556MOD3BLK30,,,,,,,,2,08/01/2026,09/01/2026,FALSE,FALSE,08/01/2026,09/15/2026,FALSE
34,556MOD3BUC30,Mod-3 AR-15 5.56/.223 Black Custom UV-Printed Urban-Cam Camo 30rd Magazine,Pre-Order Only,0 - 6 weeks,08/01/2026 - 09/15/2026,0,6,Weeks,556MOD3BLK30,,,,,,,,2,08/01/2026,09/01/2026,FALSE,FALSE,08/01/2026,09/15/2026,FALSE
35,556MOD3CAC30,Mod-3 AR-15 5.56/.223 Coyote Brown Custom UV-Printed Arid-Cam Camo 30rd Magazine,Pre-Order Only,0 - 6 weeks,08/01/2026 - 09/12/2026,0,6,Weeks,556MOD3CYT30,,,,,,,,2,08/01/2026,08/29/2026,FALSE,FALSE,08/01/2026,09/12/2026,FALSE
36,556MOD3CTC30,Mod-3 AR-15 5.56/.223 Coyote Brown Custom UV-Printed Tropical-Cam Camo 30rd Magazine,Pre-Order Only,0 - 6 weeks,08/01/2026 - 09/12/2026,0,6,Weeks,556MOD3CYT30,,,,,,,,2,08/01/2026,08/29/2026,FALSE,FALSE,08/01/2026,09/12/2026,FALSE
37,556MOD3CVC30,Mod-3 AR-15 5.56/.223 Coyote Brown Custom UV-Printed Vari-Cam Camo 30rd Magazine,Pre-Order Only,0 - 6 weeks,08/01/2026 - 09/12/2026,0,6,Weeks,556MOD3CYT30,,,,,,,,2,08/01/2026,08/29/2026,FALSE,FALSE,08/01/2026,09/12/2026,FALSE
38,556MOD3DT130,"Mod-3 AR-15 5.56/.223 Black Custom UV-Printed Trump ""Fight!"" 2024 30rd Magazine",Made to Order,0 - 6 weeks,08/01/2026 - 09/15/2026,0,6,Weeks,556MOD3BLK30,,,,,,,,2,08/01/2026,09/01/2026,FALSE,FALSE,08/01/2026,09/15/2026,FALSE
39,556MOD3FLAG30,Mod-3 AR-15 5.56/.223 Black Custom UV-Printed American Flag 30rd Magazine,Made to Order,0 - 6 weeks,08/01/2026 - 09/15/2026,0,6,Weeks,556MOD3BLK30,,,,,,,,2,08/01/2026,09/01/2026,FALSE,FALSE,08/01/2026,09/15/2026,FALSE
40,556MOD3MC30,Mod-3 AR-15 5.56/.223 Black Custom Hydro-Dipped MultiCam® 30rd Magazine,Discontinued,N/A,Cannot Be Fulfilled / Discontinued,,,,,,,,,,,,,,,FALSE,FALSE,,,FALSE
41,556MOD3MCA30,Mod-3 AR-15 5.56/.223 Black Custom Hydro-Dipped MultiCam® Alpine 30rd Magazine,Discontinued,N/A,Cannot Be Fulfilled / Discontinued,,,,,,,,,,,,,,,FALSE,FALSE,,,FALSE
42,556MOD3MCB30,Mod-3 AR-15 5.56/.223 Black Custom Hydro-Dipped MultiCam® Black 30rd Magazine,Discontinued,N/A,Cannot Be Fulfilled / Discontinued,,,,,,,,,,,,,,,FALSE,FALSE,,,FALSE
43,556MOD3MCT30,Mod-3 AR-15 5.56/.223 Black Custom Hydro-Dipped MultiCam® Tropic 30rd Magazine,Discontinued,N/A,Cannot Be Fulfilled / Discontinued,,,,,,,,,,,,,,,FALSE,FALSE,,,FALSE
44,556MOD3NEON30,Mod-3 AR-15 5.56/.223 Black Custom UV-Printed Neon Splatter 30rd Magazine,Made to Order,0 - 6 weeks,08/01/2026 - 09/15/2026,0,6,Weeks,556MOD3BLK30,,,,,,,,2,08/01/2026,09/01/2026,FALSE,FALSE,08/01/2026,09/15/2026,FALSE
45,556MOD3SBWL30,Mod-3 AR-15 5.56/.223 Black Custom UV-Printed Steamboat Willie 30rd Magazine,Made to Order,0 - 6 weeks,08/01/2026 - 09/15/2026,0,6,Weeks,556MOD3BLK30,,,,,,,,2,08/01/2026,09/01/2026,FALSE,FALSE,08/01/2026,09/15/2026,FALSE
46,A2MAGDRUMCP,"AR-15 5.56/.223 Magazine Display Drum Dump Bin with 50 556BANANA30, 50 556SPRINKLE30, 50 556MOD3FLAG30 & 50 556MOD3NEON30",Backordered,0 - 6 weeks,08/01/2026 - 09/15/2026,0,6,Weeks,556BANANA30,556SPRINKLE30,556MOD3BLK30,,,,,,2,08/01/2026,09/01/2026,FALSE,FALSE,08/01/2026,09/15/2026,FALSE
47,556MOD3B1030,Mod-3 AR-15 5.56/.223 Black 10/30 10rd Magazine - Restricted State Compliant,Backordered,0 - 6 weeks,08/01/2026 - 09/15/2026,0,6,Weeks,556MOD3BLK30,,,,,,,,2,08/01/2026,09/01/2026,FALSE,FALSE,08/01/2026,09/15/2026,FALSE
48,556MOD3BLK30,Mod-3 AR-15 5.56/.223 Black 30rd Magazine,Backordered,0 - 4 weeks,08/01/2026 - 09/01/2026,0,4,Weeks,,,,,,,,,,,,FALSE,FALSE,08/01/2026,09/01/2026,FALSE
49,A2MAGDRUMMOD3,Mod-3 AR-15 5.56/.223 Magazine Display Drum Dump Bin with 200 units of 556MOD3BLK30,In-Stock,Ships ASAP (up to 4 weeks),08/01/2026 - 09/15/2026,0,6,Weeks,556MOD3BLK30,,,,,,,,2,08/01/2026,09/01/2026,FALSE,FALSE,08/01/2026,09/15/2026,FALSE
50,556MOD3CYT30,Mod-3 AR-15 5.56/.223 Coyote Brown 30rd Magazine,In-Stock,Ships ASAP (up to 4 weeks),08/01/2026 - 08/29/2026,0,4,Weeks,,,,,,,,,,,,FALSE,FALSE,08/01/2026,08/29/2026,FALSE
51,300MOD3BLK30,Mod-3 AR-15 .300 Blackout Black 30rd Magazine,In-Stock,Ships ASAP (up to 4 weeks),08/01/2026 - 08/29/2026,0,4,Weeks,,,,,,,,,,,,FALSE,FALSE,08/01/2026,08/29/2026,FALSE
52,300MOD3CYT30,Mod-3 AR-15 .300 Blackout Coyote Brown 30rd Magazine,Pre-Order Only,17 - 22 weeks,12/01/2026 - 01/01/2027,17,22,Weeks,,,,,,,,,,,,FALSE,FALSE,12/01/2026,01/01/2027,FALSE
53,556MODAB25030,"Mod-A AR-15 5.56/.223 Black Custom UV-Printed ""250 Years Strong"" 30rd Magazine",Made to Order,0 - 6 weeks,08/01/2026 - 09/12/2026,0,6,Weeks,556MODABLK30,,,,,,,,2,08/01/2026,08/29/2026,FALSE,FALSE,08/01/2026,09/12/2026,FALSE
54,556MODABBSW30,Mod-A AR-15 5.56/.223 Black Custom UV-Printed Bulgarian Splinter Wetland Camo 30rd Magazine,Made to Order,0 - 6 weeks,08/01/2026 - 09/12/2026,0,6,Weeks,556MODABLK30,,,,,,,,2,08/01/2026,08/29/2026,FALSE,FALSE,08/01/2026,09/12/2026,FALSE
55,556MODABCOW30,"Mod-A AR-15 5.56/.223 Black Custom UV-Printed Cow ""Got Ammo?"" 30rd Magazine",Made to Order,0 - 6 weeks,08/01/2026 - 09/12/2026,0,6,Weeks,556MODABLK30,,,,,,,,2,08/01/2026,08/29/2026,FALSE,FALSE,08/01/2026,09/12/2026,FALSE
56,556MODABDNC30,Mod-A AR-15 5.56/.223 Black Custom UV-Printed Desert Night Camo 30rd Magazine,Made to Order,0 - 6 weeks,08/01/2026 - 09/12/2026,0,6,Weeks,556MODABLK30,,,,,,,,2,08/01/2026,08/29/2026,FALSE,FALSE,08/01/2026,09/12/2026,FALSE
57,556MODABJZZ30,Mod-A AR-15 5.56/.223 Black Custom UV-Printed Jazz 30rd Magazine,Made to Order,0 - 6 weeks,08/01/2026 - 09/12/2026,0,6,Weeks,556MODABLK30,,,,,,,,2,08/01/2026,08/29/2026,FALSE,FALSE,08/01/2026,09/12/2026,FALSE
58,556MODABM8130,Mod-A AR-15 5.56/.223 Black Custom UV-Printed M81 Woodland Camo 30rd Magazine,Made to Order,0 - 6 weeks,08/01/2026 - 09/12/2026,0,6,Weeks,556MODABLK30,,,,,,,,2,08/01/2026,08/29/2026,FALSE,FALSE,08/01/2026,09/12/2026,FALSE
59,556MODABOF30,Mod-A AR-15 5.56/.223 Black Custom UV-Printed Original Flecktarn Camo 30rd Magazine,Made to Order,0 - 6 weeks,08/01/2026 - 09/12/2026,0,6,Weeks,556MODABLK30,,,,,,,,2,08/01/2026,08/29/2026,FALSE,FALSE,08/01/2026,09/12/2026,FALSE
60,556MODABOTS30,Mod-A AR-15 5.56/.223 Black Custom UV-Printed Original Tiger Stripe Camo 30rd Magazine,Made to Order,0 - 6 weeks,08/01/2026 - 09/12/2026,0,6,Weeks,556MODABLK30,,,,,,,,2,08/01/2026,08/29/2026,FALSE,FALSE,08/01/2026,09/12/2026,FALSE
61,556MODABUTS30,Mod-A AR-15 5.56/.223 Black Custom UV-Printed Urban Tiger Stripe Camo 30rd Magazine,Made to Order,0 - 6 weeks,08/01/2026 - 09/12/2026,0,6,Weeks,556MODABLK30,,,,,,,,2,08/01/2026,08/29/2026,FALSE,FALSE,08/01/2026,09/12/2026,FALSE
62,556MODACDCC30,Mod-A AR-15 5.56/.223 Coyote Brown Custom UV-Printed Desert Chocolate Chip Camo 30rd Magazine,Made to Order,0 - 6 weeks,08/01/2026 - 09/12/2026,0,6,Weeks,556MODACYT30,,,,,,,,2,08/01/2026,08/29/2026,FALSE,FALSE,08/01/2026,09/12/2026,FALSE
63,556MODACDFG30,Mod-A AR-15 5.56/.223 Coyote Brown Custom UV-Printed Desert Frogskin Camo 30rd Magazine,Made to Order,0 - 6 weeks,08/01/2026 - 09/12/2026,0,6,Weeks,556MODACYT30,,,,,,,,2,08/01/2026,08/29/2026,FALSE,FALSE,08/01/2026,09/12/2026,FALSE
64,556MODACMBS30,Mod-A AR-15 5.56/.223 Coyote Brown Custom UV-Printed Maple Bar Sprinkle Donut 30rd Magazine,Made to Order,0 - 6 weeks,08/01/2026 - 09/12/2026,0,6,Weeks,556MODACYT30,,,,,,,,2,08/01/2026,08/29/2026,FALSE,FALSE,08/01/2026,09/12/2026,FALSE
65,556MODACRBS30,Mod-A AR-15 5.56/.223 Coyote Brown Custom UV-Printed Rhodesian Brushstroke Camo 30rd Magazine,Made to Order,0 - 6 weeks,08/01/2026 - 09/12/2026,0,6,Weeks,556MODACYT30,,,,,,,,2,08/01/2026,08/29/2026,FALSE,FALSE,08/01/2026,09/12/2026,FALSE
66,556MODAB1030,Mod-A AR-15 5.56/.223 Black 10/30 10rd Magazine - Restricted State Compliant,Made to Order,0 - 6 weeks,08/01/2026 - 09/12/2026,0,6,Weeks,556MODABLK30,,,,,,,,2,08/01/2026,08/29/2026,FALSE,FALSE,08/01/2026,09/12/2026,FALSE
67,556MODAB1520,Mod-A AR-15 5.56/.223 Black 15/20 15rd Magazine - Colorado Compliant,Made to Order,0 - 6 weeks,08/01/2026 - 09/15/2026,0,6,Weeks,556MODABLK20,,,,,,,,2,08/01/2026,09/01/2026,FALSE,FALSE,08/01/2026,09/15/2026,FALSE
68,556MODABLK10,Mod-A AR-15 5.56/.223 Black 10rd Magazine,Pre-Order Only,4 - 9 weeks,09/01/2026 - 10/01/2026,4,9,Weeks,,,,,,,,,,,,FALSE,FALSE,09/01/2026,10/01/2026,FALSE
69,556MODABLK20,Mod-A AR-15 5.56/.223/.300 Blackout Black 20rd Magazine,Pre-Order Only,0 - 4 weeks,08/01/2026 - 09/01/2026,0,4,Weeks,,,,,,,,,,,,FALSE,FALSE,08/01/2026,09/01/2026,FALSE
70,556MODABLK30,Mod-A AR-15 5.56/.223 Black 30rd Magazine,In-Stock,Ships ASAP (up to 4 weeks),08/01/2026 - 08/29/2026,0,4,Weeks,,,,,,,,,,,,FALSE,FALSE,08/01/2026,08/29/2026,FALSE
71,A2MAGDRUMMODA,Mod-A AR-15 5.56/.223 Magazine Display Drum Dump Bin with 200 units of 556MODABLK30,In-Stock,Ships ASAP (up to 4 weeks),08/01/2026 - 09/12/2026,0,6,Weeks,556MODABLK30,,,,,,,,2,08/01/2026,08/29/2026,FALSE,FALSE,08/01/2026,09/12/2026,FALSE
72,556MODACYT10,Mod-A AR-15 5.56/.223 Coyote Brown 10rd Magazine,Pre-Order Only,4 - 9 weeks,09/01/2026 - 10/01/2026,4,9,Weeks,,,,,,,,,,,,FALSE,FALSE,09/01/2026,10/01/2026,FALSE
73,556MODACYT20,Mod-A AR-15 5.56/.223/.300 Blackout Coyote Brown 20rd Magazine,Pre-Order Only,0 - 4 weeks,08/01/2026 - 09/01/2026,0,4,Weeks,,,,,,,,,,,,FALSE,FALSE,08/01/2026,09/01/2026,FALSE
74,556MODACYT30,Mod-A AR-15 5.56/.223 Coyote Brown 30rd Magazine,In-Stock,Ships ASAP (up to 4 weeks),08/01/2026 - 08/29/2026,0,4,Weeks,,,,,,,,,,,,FALSE,FALSE,08/01/2026,08/29/2026,FALSE
75,6AMODABLK15,Mod-A AR-15 6mm ARC/22 ARC/338 ARC/6.5 Grendel Black 20rd Magazine,Pre-Order Only,22 - 26 weeks,01/01/2027 - 02/01/2027,22,26,Weeks,,,,,,,,,,,,FALSE,FALSE,01/01/2027,02/01/2027,FALSE
76,6AMODACYT15,Mod-A AR-15 6mm ARC/22 ARC/338 ARC/6.5 Grendel Coyote Brown 20rd Magazine,Pre-Order Only,22 - 26 weeks,01/01/2027 - 02/01/2027,22,26,Weeks,,,,,,,,,,,,FALSE,FALSE,01/01/2027,02/01/2027,FALSE
77,458MODCSMK10,Mod-C AR-15 .458 SOCOM/.50 Beowulf Translucent Smoke 10rd Magazine,Discontinued,N/A,Cannot Be Fulfilled / Discontinued,,,,,,,,,,,,,,,FALSE,FALSE,,,FALSE
78,556MODCBAN30,Mod-C AR-15 5.56/.223 Translucent Yellow Custom UV-Printed Banana 30rd Magazine,Backordered,13 - 19 weeks,11/01/2026 - 12/15/2026,13,19,Weeks,556MODCYLW30,,,,,,,,2,11/01/2026,12/01/2026,FALSE,FALSE,11/01/2026,12/15/2026,FALSE
79,556MODCDTOM30,"Mod-C AR-15 5.56/.223 Translucent Yellow Custom UV-Printed ""Don't Tread On Me"" 30rd Magazine",Backordered,13 - 19 weeks,11/01/2026 - 12/15/2026,13,19,Weeks,556MODCYLW30,,,,,,,,2,11/01/2026,12/01/2026,FALSE,FALSE,11/01/2026,12/15/2026,FALSE
80,556MODCGGST30,Mod-C AR-15 5.56/.223 Translucent Glow-In-The-Dark Custom UV-Printed Tactical Ghost 30rd Magazine,Made to Order,4 - 11 weeks,09/01/2026 - 10/15/2026,4,11,Weeks,556MODCGLOW30,,,,,,,,2,09/01/2026,10/01/2026,FALSE,FALSE,09/01/2026,10/15/2026,FALSE
81,556MODCJAZZ30,Mod-C AR-15 5.56/.223 Translucent Teal Custom UV-Printed Jazz 30rd Magazine,Discontinued,N/A,Cannot Be Fulfilled / Discontinued,,,,,,,,,,,,,,,FALSE,FALSE,,,FALSE
82,556MODCOACN30,Mod-C AR-15 5.56/.223 Translucent Olive Drab Green 30rd Magazine,Backordered,4 - 11 weeks,09/01/2026 - 10/15/2026,4,11,Weeks,556MODCODG30,,,,,,,,2,09/01/2026,10/01/2026,FALSE,FALSE,09/01/2026,10/15/2026,FALSE
83,556MODCSGFT30,Mod-C AR-15 5.56/.223 Translucent Smoke Custom UV-Printed Flying Tiger 30rd Magazine,Made to Order,4 - 11 weeks,09/01/2026 - 10/15/2026,4,11,Weeks,556MODCSMK30,,,,,,,,2,09/01/2026,10/01/2026,FALSE,FALSE,09/01/2026,10/15/2026,FALSE
84,556MODCSMOM30,Mod-C AR-15 5.56/.223 Translucent Smoke Custom UV-Printed Man On The Moon 30rd Magazine,Made to Order,4 - 11 weeks,09/01/2026 - 10/15/2026,4,11,Weeks,556MODCSMK30,,,,,,,,2,09/01/2026,10/01/2026,FALSE,FALSE,09/01/2026,10/15/2026,FALSE
85,556MODCSPR30,Mod-C AR-15 5.56/.223 Translucent Pink Custom UV-Printed Sprinkle Donut 30rd Magazine,Made to Order,13 - 19 weeks,11/01/2026 - 12/15/2026,13,19,Weeks,556MODCPNK30,,,,,,,,2,11/01/2026,12/01/2026,FALSE,FALSE,11/01/2026,12/15/2026,FALSE
86,556MODCTGST30,Mod-C AR-15 5.56/.223 Translucent Smoke Custom UV-Printed Tiger Stripe 30rd Magazine,Discontinued,N/A,Cannot Be Fulfilled / Discontinued,,,,,,,,,,,,,,,FALSE,FALSE,,,FALSE
87,556MODCVICE30,Mod-C AR-15 5.56/.223 Translucent Teal Custom UV-Printed Miami Vice 30rd Magazine,Discontinued,N/A,Cannot Be Fulfilled / Discontinued,,,,,,,,,,,,,,,FALSE,FALSE,,,FALSE
88,556MODCGLOW30,Mod-C AR-15 5.56/.223 Translucent Glow-In-The-Dark 30rd Magazine,Backordered,4 - 9 weeks,09/01/2026 - 10/01/2026,4,9,Weeks,,,,,,,,,,,,FALSE,FALSE,09/01/2026,10/01/2026,FALSE
89,556MODCODG30,Mod-C AR-15 5.56/.223 Translucent Olive Drab Green 30rd Magazine,Backordered,4 - 9 weeks,09/01/2026 - 10/01/2026,4,9,Weeks,,,,,,,,,,,,FALSE,FALSE,09/01/2026,10/01/2026,FALSE
90,556MODCPNK30,Mod-C AR-15 5.56/.223 Translucent Pink 30rd Magazine,Backordered,13 - 17 weeks,11/01/2026 - 12/01/2026,13,17,Weeks,,,,,,,,,,,,FALSE,FALSE,11/01/2026,12/01/2026,FALSE
91,556MODCS1030,Mod-C AR-15 5.56/.223 Translucent Smoke 10/30 10rd Magazine - Restricted State Compliant,Backordered,4 - 11 weeks,09/01/2026 - 10/15/2026,4,11,Weeks,556MODCSMK30,,,,,,,,2,09/01/2026,10/01/2026,FALSE,FALSE,09/01/2026,10/15/2026,FALSE
92,556MODCSMK30,Mod-C AR-15 5.56/.223 Translucent Smoke 30rd Magazine,Backordered,4 - 9 weeks,09/01/2026 - 10/01/2026,4,9,Weeks,,,,,,,,,,,,FALSE,FALSE,09/01/2026,10/01/2026,FALSE
93,A2MAGDRUMMODC,Mod-C AR-15 5.56/.223 Magazine Display Drum Dump Bin with 200 units of 556MODCSMK30,Backordered,4 - 11 weeks,09/01/2026 - 10/15/2026,4,11,Weeks,556MODCSMK30,,,,,,,,2,09/01/2026,10/01/2026,FALSE,FALSE,09/01/2026,10/15/2026,FALSE
94,556MODCTEA30,Mod-C AR-15 5.56/.223 Translucent Teal 30rd Magazine,Discontinued,N/A,Cannot Be Fulfilled / Discontinued,,,,,,,,,,,,,,,FALSE,FALSE,,,FALSE
95,556MODCYLW30,Mod-C AR-15 5.56/.223 Translucent Yellow 30rd Magazine,Backordered,13 - 17 weeks,11/01/2026 - 12/01/2026,13,17,Weeks,,,,,,,,,,,,FALSE,FALSE,11/01/2026,12/01/2026,FALSE
96,CIP4733RD,Mod-3 Long-Action CIP-473 .270 Win./.30-06/7mm Backcountry Black 3rd Magazine,In-Stock,Ships ASAP (up to 4 weeks),08/01/2026 - 08/29/2026,0,4,Weeks,,,,,,,,,,,,FALSE,FALSE,08/01/2026,08/29/2026,FALSE
97,CIP5323RD,Mod-3 Long-Action CIP-532 .300 Win/.300 PRC/7mm PRC Black 3rd Magazine,In-Stock,Ships ASAP (up to 4 weeks),08/01/2026 - 08/29/2026,0,4,Weeks,,,,,,,,,,,,FALSE,FALSE,08/01/2026,08/29/2026,FALSE
98,CIP5883RD,Mod-3 Long-Action CIP-588 .338 Lapua Magnum Black 3rd Magazine,In-Stock,Ships ASAP (up to 4 weeks),08/01/2026 - 08/29/2026,0,4,Weeks,,,,,,,,,,,,FALSE,FALSE,08/01/2026,08/29/2026,FALSE
99,SAAICSBLK5,Mod-3 Short-Action AICS .308/6.5 CM Black 5rd Magazine,In-Stock,Ships ASAP (up to 4 weeks),08/01/2026 - 08/29/2026,0,4,Weeks,,,,,,,,,,,,FALSE,FALSE,08/01/2026,08/29/2026,FALSE
100,SAAICSBLK12,Mod-3 Short-Action AICS .308/6.5 CM Black 12rd Magazine,In-Stock,Ships ASAP (up to 4 weeks),08/01/2026 - 08/29/2026,0,4,Weeks,,,,,,,,,,,,FALSE,FALSE,08/01/2026,08/29/2026,FALSE
101,SAAICS65BLK3,Mod-3 Short-Action Magnum AICS 6.5 PRC Black 3rd Magazine,In-Stock,Ships ASAP (up to 4 weeks),08/01/2026 - 08/29/2026,0,4,Weeks,,,,,,,,,,,,FALSE,FALSE,08/01/2026,08/29/2026,FALSE
102,SCARMOD3BLK20,Mod-3 FN® SCAR® 17-Compatible .308/6.5 CM Black 20rd Magazine,Backordered,22 - 26 weeks,01/01/2027 - 02/01/2027,22,26,Weeks,,,,,,,,,,,,FALSE,FALSE,01/01/2027,02/01/2027,FALSE
103,SCARMOD3FDE20,Mod-3 FN® SCAR® 17-Compatible .308/6.5 CM Flat Dark Earth 20rd Magazine,Backordered,22 - 26 weeks,01/01/2027 - 02/01/2027,22,26,Weeks,,,,,,,,,,,,FALSE,FALSE,01/01/2027,02/01/2027,FALSE
104,A2GLKSTICKBLK,Mod-2 GLOCK®-Compatible 9mm Black 34rd Stick Magazine,Discontinued,N/A,Cannot Be Fulfilled / Discontinued,,,,,,,,,,,,,,,FALSE,FALSE,,,FALSE
105,A2GLKSTICKFDE,Mod-2 GLOCK®-Compatible 9mm Flat Dark Earth 34rd Stick Magazine,Discontinued,N/A,Cannot Be Fulfilled / Discontinued,,,,,,,,,,,,,,,FALSE,FALSE,,,FALSE
106,A2GLOCK17BLK,Mod-2 GLOCK® G17-Compatible 9mm Black 17rd Magazine,Discontinued,N/A,Cannot Be Fulfilled / Discontinued,,,,,,,,,,,,,,,FALSE,FALSE,,,FALSE
107,A2G1710RDBLK,Mod-2 GLOCK® G17-Compatible 9mm Black 17/10 10rd Magazine - Restricted State Compliant,Discontinued,N/A,Cannot Be Fulfilled / Discontinued,,,,,,,,,,,,,,,FALSE,FALSE,,,FALSE
108,A2GLOCK19BLK,Mod-2 GLOCK® G19-Compatible 9mm Black 15rd Magazine,Discontinued,N/A,Cannot Be Fulfilled / Discontinued,,,,,,,,,,,,,,,FALSE,FALSE,,,FALSE
109,A2G1910RDBLK,Mod-2 GLOCK® G19-Compatible 9mm Black 19/10 10rd Magazine - Restricted State Compliant,Discontinued,N/A,Cannot Be Fulfilled / Discontinued,,,,,,,,,,,,,,,FALSE,FALSE,,,FALSE
110,A2GLOCK22BLK,Mod-2 GLOCK® G22-Compatible .40 Cal Black 15rd Magazine,Discontinued,N/A,Cannot Be Fulfilled / Discontinued,,,,,,,,,,,,,,,FALSE,FALSE,,,FALSE
111,A2GLOCK23BLK,Mod-2 GLOCK® G22-Compatible .40 Cal Black 13rd Magazine,In-Stock,Ships ASAP (up to 4 weeks),08/01/2026 - 08/29/2026,0,4,Weeks,,,,,,,,,,,,FALSE,FALSE,08/01/2026,08/29/2026,FALSE
112,A2GLOCK42BLK,Mod-2 GLOCK® G42-Compatible .380 ACP Black 6rd Magazine,In-Stock,Ships ASAP (up to 4 weeks),08/01/2026 - 08/29/2026,0,4,Weeks,,,,,,,,,,,,FALSE,FALSE,08/01/2026,08/29/2026,FALSE
113,A2GLOCK43BLK,Mod-2 GLOCK® G43 9mm Black 6rd Magazine,Discontinued,N/A,Cannot Be Fulfilled / Discontinued,,,,,,,,,,,,,,,FALSE,FALSE,,,FALSE
114,A2A320FULLBLK,Mod-2 SIG SAUER® P320®-Compatible 9mm Black 17rd Full Magazine,In-Stock,Ships ASAP (up to 4 weeks),08/01/2026 - 08/29/2026,0,4,Weeks,,,,,,,,,,,,FALSE,FALSE,08/01/2026,08/29/2026,FALSE
115,A2A320STICKBLK,Mod-2 SIG SAUER® P320®-Compatible 9mm Black 32rd Stick Magazine,In-Stock,Ships ASAP (up to 4 weeks),08/01/2026 - 08/29/2026,0,4,Weeks,,,,,,,,,,,,FALSE,FALSE,08/01/2026,08/29/2026,FALSE
116,A2A320COMPBLK,Mod-2 SIG SAUER® P320®-Compatible 9mm Black 15rd Compact Magazine,Discontinued,N/A,Cannot Be Fulfilled / Discontinued,,,,,,,,,,,,,,,FALSE,FALSE,,,FALSE
117,G17MOD3BLK17,Mod-3 GLOCK®-Compatible G17 9mm Black 17rd Magazine,In-Stock,Ships ASAP (up to 4 weeks),08/01/2026 - 08/29/2026,0,4,Weeks,,,,,,,,,,,,FALSE,FALSE,08/01/2026,08/29/2026,FALSE
118,G19MOD3BLK15,Mod-3 GLOCK®-Compatible G19 9mm Black 15rd Magazine,In-Stock,Ships ASAP (up to 4 weeks),08/01/2026 - 08/29/2026,0,4,Weeks,,,,,,,,,,,,FALSE,FALSE,08/01/2026,08/29/2026,FALSE
119,GLKMODCBLK34,Mod-C GLOCK®-Compatible 9mm Black 34rd Stick Magazine,In-Stock,Ships ASAP (up to 4 weeks),08/01/2026 - 08/29/2026,0,4,Weeks,,,,,,,,,,,,FALSE,FALSE,08/01/2026,08/29/2026,FALSE
120,GLKMODCSMK34,Mod-C GLOCK®-Compatible 9mm Translucent Smoke 34rd Stick Magazine,In-Stock,Ships ASAP (up to 4 weeks),08/01/2026 - 08/29/2026,0,4,Weeks,,,,,,,,,,,,FALSE,FALSE,08/01/2026,08/29/2026,FALSE
121,1022MOD3BLK10,Mod-3 Ruger® 10/22®-Compatible .22 LR Black 10rd Rotary Magazine,Pre-Order Only,9 - 13 weeks,10/01/2026 - 11/01/2026,9,13,Weeks,,,,,,,,,,,,FALSE,FALSE,10/01/2026,11/01/2026,FALSE
122,1022MOD3BLK15,Mod-3 Ruger® 10/22®-Compatible .22 LR Black 15rd Magazine,Pre-Order Only,9 - 13 weeks,10/01/2026 - 11/01/2026,9,13,Weeks,,,,,,,,,,,,FALSE,FALSE,10/01/2026,11/01/2026,FALSE
123,1022MOD3BLK25,Mod-3 Ruger® 10/22®-Compatible .22 LR Black 25rd Magazine,Pre-Order Only,9 - 13 weeks,10/01/2026 - 11/01/2026,9,13,Weeks,,,,,,,,,,,,FALSE,FALSE,10/01/2026,11/01/2026,FALSE
124,762MOD2BLK10,Mod-2 SR-25/AR-10 .308/6.5CM Black 10rd Magazine,Discontinued,N/A,Cannot Be Fulfilled / Discontinued,,,,,,,,,,,,,,,FALSE,FALSE,,,FALSE
125,762MOD2BLK20,Mod-2 SR-25/AR-10 .308/6.5CM Black 20rd Magazine,Discontinued,N/A,Cannot Be Fulfilled / Discontinued,,,,,,,,,,,,,,,FALSE,FALSE,,,FALSE
126,762MOD2FDE10,Mod-2 SR-25/AR-10 .308/6.5CM Flat Dark Earth 10rd Magazine,Discontinued,N/A,Cannot Be Fulfilled / Discontinued,,,,,,,,,,,,,,,FALSE,FALSE,,,FALSE
127,762MOD2FDE20,Mod-2 SR-25/AR-10 .308/6.5CM Flat Dark Earth 20rd Magazine,In-Stock,Ships ASAP (up to 4 weeks),08/01/2026 - 08/29/2026,0,4,Weeks,,,,,,,,,,,,FALSE,FALSE,08/01/2026,08/29/2026,FALSE
128,762MOD2GRY10,Mod-2 SR-25/AR-10 .308/6.5CM Gray 10rd Magazine,Discontinued,N/A,Cannot Be Fulfilled / Discontinued,,,,,,,,,,,,,,,FALSE,FALSE,,,FALSE
129,762MOD2GRY20,Mod-2 SR-25/AR-10 .308/6.5CM Gray 20rd Magazine,Discontinued,N/A,Cannot Be Fulfilled / Discontinued,,,,,,,,,,,,,,,FALSE,FALSE,,,FALSE
130,762MOD2ODG10,Mod-2 SR-25/AR-10 .308/6.5CM Olive Drab Green 10rd Magazine,Discontinued,N/A,Cannot Be Fulfilled / Discontinued,,,,,,,,,,,,,,,FALSE,FALSE,,,FALSE
131,762MOD2ODG20,Mod-2 SR-25/AR-10 .308/6.5CM Olive Drab Green 20rd Magazine,In-Stock,Ships ASAP (up to 4 weeks),08/01/2026 - 08/29/2026,0,4,Weeks,,,,,,,,,,,,FALSE,FALSE,08/01/2026,08/29/2026,FALSE
132,762MODABLK10,Mod-A SR-25/AR-10 .308/6.5CM Black 10rd Magazine,Pre-Order Only,0 - 4 weeks,08/01/2026 - 09/01/2026,0,4,Weeks,,,,,,,,,,,,FALSE,FALSE,08/01/2026,09/01/2026,FALSE
133,762MODABLK20,Mod-A SR-25/AR-10 .308/6.5CM Black 20rd Magazine,Pre-Order Only,0 - 4 weeks,08/01/2026 - 09/01/2026,0,4,Weeks,,,,,,,,,,,,FALSE,FALSE,08/01/2026,09/01/2026,FALSE
134,762MODACYT10,Mod-A SR-25/AR-10 .308/6.5CM Coyote Brown 10rd Magazine,Pre-Order Only,0 - 4 weeks,08/01/2026 - 09/01/2026,0,4,Weeks,,,,,,,,,,,,FALSE,FALSE,08/01/2026,09/01/2026,FALSE
135,762MODACYT20,Mod-A SR-25/AR-10 .308/6.5CM Coyote Brown 20rd Magazine,Pre-Order Only,0 - 4 weeks,08/01/2026 - 09/01/2026,0,4,Weeks,,,,,,,,,,,,FALSE,FALSE,08/01/2026,09/01/2026,FALSE
136,ARCA3BLK,"M-LOK® to ARCA® Adapter - 3"" Black",In-Stock,Ships ASAP (up to 4 weeks),08/01/2026 - 08/29/2026,0,4,Weeks,,,,,,,,,,,,FALSE,FALSE,08/01/2026,08/29/2026,FALSE
137,ARCA6BLK,"M-LOK® to ARCA® Adapter - 6"" Black",In-Stock,Ships ASAP (up to 4 weeks),08/01/2026 - 08/29/2026,0,4,Weeks,,,,,,,,,,,,FALSE,FALSE,08/01/2026,08/29/2026,FALSE
138,ARCA12BLK,"M-LOK® to ARCA® Adapter - 12"" Black",Pre-Order Only,17 - 22 weeks,12/01/2026 - 01/01/2027,17,22,Weeks,,,,,,,,,,,,FALSE,FALSE,12/01/2026,01/01/2027,FALSE
139,ARCA3FDE,"M-LOK® to ARCA® Adapter - 3"" Flat Dark Earth",In-Stock,Ships ASAP (up to 4 weeks),08/01/2026 - 08/29/2026,0,4,Weeks,,,,,,,,,,,,FALSE,FALSE,08/01/2026,08/29/2026,FALSE
140,ARCA6FDE,"M-LOK® to ARCA® Adapter - 6"" Flat Dark Earth",In-Stock,Ships ASAP (up to 4 weeks),08/01/2026 - 08/29/2026,0,4,Weeks,,,,,,,,,,,,FALSE,FALSE,08/01/2026,08/29/2026,FALSE
141,ARCA12CYT,"M-LOK® to ARCA® Adapter - 12"" Flat Dark Earth",Pre-Order Only,17 - 22 weeks,12/01/2026 - 01/01/2027,17,22,Weeks,,,,,,,,,,,,FALSE,FALSE,12/01/2026,01/01/2027,FALSE
142,AGKBLK,Mohave-K M-LOK® Angled Foregrip Black Model,In-Stock,Ships ASAP (up to 4 weeks),08/01/2026 - 08/29/2026,0,4,Weeks,,,,,,,,,,,,FALSE,FALSE,08/01/2026,08/29/2026,FALSE
143,A2VFGBLK,M-LOK® Vertical Foregrip Black Model,In-Stock,Ships ASAP (up to 4 weeks),08/01/2026 - 08/29/2026,0,4,Weeks,,,,,,,,,,,,FALSE,FALSE,08/01/2026,08/29/2026,FALSE
144,A2VFGCYT,M-LOK® Vertical Foregrip Coyote Brown Model,In-Stock,Ships ASAP (up to 4 weeks),08/01/2026 - 08/29/2026,0,4,Weeks,,,,,,,,,,,,FALSE,FALSE,08/01/2026,08/29/2026,FALSE
145,A2PGEBLK,Pistol Grip - Enhanced Black Model,In-Stock,Ships ASAP (up to 4 weeks),08/01/2026 - 08/29/2026,0,4,Weeks,,,,,,,,,,,,FALSE,FALSE,08/01/2026,08/29/2026,FALSE
146,A2PGECYT,Pistol Grip - Enhanced Coyote Brown Model,In-Stock,Ships ASAP (up to 4 weeks),08/01/2026 - 08/29/2026,0,4,Weeks,,,,,,,,,,,,FALSE,FALSE,08/01/2026,08/29/2026,FALSE
147,PGE2BLK,Pistol Grip - Enhanced 2 Black Model,In-Stock,Ships ASAP (up to 4 weeks),08/01/2026 - 08/29/2026,0,4,Weeks,,,,,,,,,,,,FALSE,FALSE,08/01/2026,08/29/2026,FALSE
148,PGE2CYT,Pistol Grip - Enhanced 2 Coyote Brown Model,In-Stock,Ships ASAP (up to 4 weeks),08/01/2026 - 08/29/2026,0,4,Weeks,,,,,,,,,,,,FALSE,FALSE,08/01/2026,08/29/2026,FALSE
149,PPGBLK,Priapus Pistol Grip Black Model,Backordered,4 - 9 weeks,09/01/2026 - 10/01/2026,4,9,Weeks,,,,,,,,,,,,FALSE,FALSE,09/01/2026,10/01/2026,FALSE
150,PPGCYT,Priapus Pistol Grip Coyote Brown Model,In-Stock,Ships ASAP (up to 4 weeks),08/01/2026 - 08/29/2026,0,4,Weeks,,,,,,,,,,,,FALSE,FALSE,08/01/2026,08/29/2026,FALSE
151,A2A320HYBRID,S300® Hybrid Grip Module for the SIG SAUER® P320® - takes P365® Magazines,In-Stock,Ships ASAP (up to 4 weeks),08/01/2026 - 08/29/2026,0,4,Weeks,,,,,,,,,,,,FALSE,FALSE,08/01/2026,08/29/2026,FALSE
152,SCV1BLK1545,"Hi-Temp Mirage Cover for Suppressors - V1, Black, 1.5"" Diameter, 4.5"" Length",In-Stock,Ships ASAP (up to 4 weeks),08/01/2026 - 08/29/2026,0,4,Weeks,,,,,,,,,,,,FALSE,FALSE,08/01/2026,08/29/2026,FALSE
153,SCV1BLK1560,"Hi-Temp Mirage Cover for Suppressors - V1, Black, 1.5"" Diameter, 6"" Length",In-Stock,Ships ASAP (up to 4 weeks),08/01/2026 - 08/29/2026,0,4,Weeks,,,,,,,,,,,,FALSE,FALSE,08/01/2026,08/29/2026,FALSE
154,SCV1BLK1575,"Hi-Temp Mirage Cover for Suppressors - V1, Black, 1.5"" Diameter, 7.5"" Length",In-Stock,Ships ASAP (up to 4 weeks),08/01/2026 - 08/29/2026,0,4,Weeks,,,,,,,,,,,,FALSE,FALSE,08/01/2026,08/29/2026,FALSE
155,ARTG1BLK,"AR-15/SR-25/AR-10 Polymer Trigger Guard - V1, Black (Installation Hardware Included)",In-Stock,Ships ASAP (up to 4 weeks),08/01/2026 - 08/29/2026,0,4,Weeks,,,,,,,,,,,,FALSE,FALSE,08/01/2026,08/29/2026,FALSE
156,ARTG1CYT,"AR-15/SR-25/AR-10 Polymer Trigger Guard - V1, Coyote Brown (Installation Hardware Included)",In-Stock,Ships ASAP (up to 4 weeks),08/01/2026 - 08/29/2026,0,4,Weeks,,,,,,,,,,,,FALSE,FALSE,08/01/2026,08/29/2026,FALSE
157,A2AMSBASEBLK,Amend2® Modular Stock (AMS) - Black Base M-LOK® Model,In-Stock,Ships ASAP (up to 4 weeks),08/01/2026 - 08/29/2026,0,4,Weeks,,,,,,,,,,,,FALSE,FALSE,08/01/2026,08/29/2026,FALSE
158,A2AMSLOWSBLK,Amend2® Modular Stock (AMS) - Black Lower Storage Model,Discontinued,N/A,Cannot Be Fulfilled / Discontinued,,,,,,,,,,,,,,,FALSE,FALSE,,,FALSE
159,A2AMSBATTBLK,Amend2® Modular Stock (AMS) - Black Battery Storage Model,Discontinued,N/A,Cannot Be Fulfilled / Discontinued,,,,,,,,,,,,,,,FALSE,FALSE,,,FALSE
160,A2AMSFULLBLK,Amend2® Modular Stock (AMS) - Black Full Storage Model,Discontinued,N/A,Cannot Be Fulfilled / Discontinued,,,,,,,,,,,,,,,FALSE,FALSE,,,FALSE
161,AMSBASECYT,Amend2® Modular Stock (AMS) - Coyote Brown Base M-LOK® Model,In-Stock,Ships ASAP (up to 4 weeks),08/01/2026 - 08/29/2026,0,4,Weeks,,,,,,,,,,,,FALSE,FALSE,08/01/2026,08/29/2026,FALSE
162,AMSLOWSCYT,Amend2® Modular Stock (AMS) - Coyote Brown Lower Storage Model,Discontinued,N/A,Cannot Be Fulfilled / Discontinued,,,,,,,,,,,,,,,FALSE,FALSE,,,FALSE
163,A2AMSBASECBN,Amend2® Modular Stock (AMS) - Carbon-Reinforced Base M-LOK® Model,In-Stock,Ships ASAP (up to 4 weeks),08/01/2026 - 08/29/2026,0,4,Weeks,,,,,,,,,,,,FALSE,FALSE,08/01/2026,08/29/2026,FALSE
164,A2AMSLOWSCBN,Amend2® Modular Stock (AMS) - Carbon-Reinforced Lower Storage Model,Discontinued,N/A,Cannot Be Fulfilled / Discontinued,,,,,,,,,,,,,,,FALSE,FALSE,,,FALSE
165,A2AMSBATTCBN,Amend2® Modular Stock (AMS) - Carbon-Reinforced Battery Storage Model,Discontinued,N/A,Cannot Be Fulfilled / Discontinued,,,,,,,,,,,,,,,FALSE,FALSE,,,FALSE
166,A2AMSFULLCBN,Amend2® Modular Stock (AMS) - Carbon-Reinforced Full Storage Model,Discontinued,N/A,Cannot Be Fulfilled / Discontinued,,,,,,,,,,,,,,,FALSE,FALSE,,,FALSE
167,AMCHYBKAHOWLA,"Amend2 Modular Chassis (AMC) System Combo Kit - Black Hybrid Stock, Aluminum Howa® 1500 or Weatherby® Vanguard® Long-Action Mini Chassis",Discontinued,N/A,Cannot Be Fulfilled / Discontinued,,,,,,,,,,,,,,,FALSE,FALSE,,,FALSE
168,AMCHYBKAHOWSA,"Amend2 Modular Chassis (AMC) System Combo Kit - Black Hybrid Stock, Aluminum Howa® 1500 or Weatherby® Vanguard® Short-Action Mini Chassis",Discontinued,N/A,Cannot Be Fulfilled / Discontinued,,,,,,,,,,,,,,,FALSE,FALSE,,,FALSE
169,AMCHYBKAPATLA,"Amend2 Modular Chassis (AMC) System Combo Kit - Black Hybrid Stock, Aluminum Mossberg® Patriot™ Long-Action Mini Chassis",Discontinued,N/A,Cannot Be Fulfilled / Discontinued,,,,,,,,,,,,,,,FALSE,FALSE,,,FALSE
170,AMCHYBKAPATSA,"Amend2 Modular Chassis (AMC) System Combo Kit - Black Hybrid Stock, Aluminum Mossberg® Patriot™ Short-Action Mini Chassis",Discontinued,N/A,Cannot Be Fulfilled / Discontinued,,,,,,,,,,,,,,,FALSE,FALSE,,,FALSE
171,AMCHYBKA700LA,"Amend2 Modular Chassis (AMC) System Combo Kit - Black Hybrid Stock, Aluminum Remington® Model 700 Long-Action Mini Chassis",Discontinued,N/A,Cannot Be Fulfilled / Discontinued,,,,,,,,,,,,,,,FALSE,FALSE,,,FALSE
172,AMCHYBKA700SA,"Amend2 Modular Chassis (AMC) System Combo Kit - Black Hybrid Stock, Aluminum Remington® Model 700 Short-Action Mini Chassis",Discontinued,N/A,Cannot Be Fulfilled / Discontinued,,,,,,,,,,,,,,,FALSE,FALSE,,,FALSE
173,AMCHYBKARUGLA,"Amend2 Modular Chassis (AMC) System Combo Kit - Black Hybrid Stock, Aluminum Ruger® American Long-Action Mini Chassis",Discontinued,N/A,Cannot Be Fulfilled / Discontinued,,,,,,,,,,,,,,,FALSE,FALSE,,,FALSE
174,AMCHYBKARUGSA,"Amend2 Modular Chassis (AMC) System Combo Kit - Black Hybrid Stock, Aluminum Ruger® American Short-Action Mini Chassis",Discontinued,N/A,Cannot Be Fulfilled / Discontinued,,,,,,,,,,,,,,,FALSE,FALSE,,,FALSE
175,AMCHYBKA110LA,"Amend2 Modular Chassis (AMC) System Combo Kit - Black Hybrid Stock, Aluminum Savage® 110 Long-Action Mini Chassis",Discontinued,N/A,Cannot Be Fulfilled / Discontinued,,,,,,,,,,,,,,,FALSE,FALSE,,,FALSE
176,AMCHYBKA110SA,"Amend2 Modular Chassis (AMC) System Combo Kit - Black Hybrid Stock, Aluminum Savage® 110 Short-Action Mini Chassis",Discontinued,N/A,Cannot Be Fulfilled / Discontinued,,,,,,,,,,,,,,,FALSE,FALSE,,,FALSE
177,AMCTRBKAHOWLA,"Amend2 Modular Chassis (AMC) System Combo Kit - Black Trakker Stock, Aluminum Howa® 1500 or Weatherby® Vanguard® Long-Action Mini Chassis",Discontinued,N/A,Cannot Be Fulfilled / Discontinued,,,,,,,,,,,,,,,FALSE,FALSE,,,FALSE
178,AMCTRBKAHOWSA,"Amend2 Modular Chassis (AMC) System Combo Kit - Black Trakker Stock, Aluminum Howa® 1500 or Weatherby® Vanguard® Short-Action Mini Chassis",Discontinued,N/A,Cannot Be Fulfilled / Discontinued,,,,,,,,,,,,,,,FALSE,FALSE,,,FALSE
179,AMCTRBKAPATLA,"Amend2 Modular Chassis (AMC) System Combo Kit - Black Trakker Stock, Aluminum Mossberg® Patriot™ Long-Action Mini Chassis",Discontinued,N/A,Cannot Be Fulfilled / Discontinued,,,,,,,,,,,,,,,FALSE,FALSE,,,FALSE
180,AMCTRBKAPATSA,"Amend2 Modular Chassis (AMC) System Combo Kit - Black Trakker Stock, Aluminum Mossberg® Patriot™ Short-Action Mini Chassis",Discontinued,N/A,Cannot Be Fulfilled / Discontinued,,,,,,,,,,,,,,,FALSE,FALSE,,,FALSE
181,AMCTRBKA700LA,"Amend2 Modular Chassis (AMC) System Combo Kit - Black Trakker Stock, Aluminum Remington® Model 700 Long-Action Mini Chassis",Discontinued,N/A,Cannot Be Fulfilled / Discontinued,,,,,,,,,,,,,,,FALSE,FALSE,,,FALSE
182,AMCTRBKA700SA,"Amend2 Modular Chassis (AMC) System Combo Kit - Black Trakker Stock, Aluminum Remington® Model 700 Short-Action Mini Chassis",Discontinued,N/A,Cannot Be Fulfilled / Discontinued,,,,,,,,,,,,,,,FALSE,FALSE,,,FALSE
183,AMCTRBKARUGLA,"Amend2 Modular Chassis (AMC) System Combo Kit - Black Trakker Stock, Aluminum Ruger® American Long-Action Mini Chassis",Discontinued,N/A,Cannot Be Fulfilled / Discontinued,,,,,,,,,,,,,,,FALSE,FALSE,,,FALSE
184,AMCTRBKARUGSA,"Amend2 Modular Chassis (AMC) System Combo Kit - Black Trakker Stock, Aluminum Ruger® American Short-Action Mini Chassis",Discontinued,N/A,Cannot Be Fulfilled / Discontinued,,,,,,,,,,,,,,,FALSE,FALSE,,,FALSE
185,AMCTRBKA110LA,"Amend2 Modular Chassis (AMC) System Combo Kit - Black Trakker Stock, Aluminum Savage® 110 Long-Action Mini Chassis",Discontinued,N/A,Cannot Be Fulfilled / Discontinued,,,,,,,,,,,,,,,FALSE,FALSE,,,FALSE
186,AMCTRBKA110SA,"Amend2 Modular Chassis (AMC) System Combo Kit - Black Trakker Stock, Aluminum Savage® 110 Short-Action Mini Chassis",Discontinued,N/A,Cannot Be Fulfilled / Discontinued,,,,,,,,,,,,,,,FALSE,FALSE,,,FALSE
187,AMCHYBKM700LA,"Amend2 Modular Chassis (AMC) System Combo Kit - Black Hybrid Stock, Magnesium Remington® Model 700 Long-Action Mini Chassis",Discontinued,N/A,Cannot Be Fulfilled / Discontinued,,,,,,,,,,,,,,,FALSE,FALSE,,,FALSE
188,AMCHYBKM700SA,"Amend2 Modular Chassis (AMC) System Combo Kit - Black Hybrid Stock, Magnesium Remington® Model 700 Short-Action Mini Chassis",Discontinued,N/A,Cannot Be Fulfilled / Discontinued,,,,,,,,,,,,,,,FALSE,FALSE,,,FALSE
189,AMCTRBKM700LA,"Amend2 Modular Chassis (AMC) System Combo Kit - Black Trakker Stock, Magnesium Remington® Model 700 Long-Action Mini Chassis",Discontinued,N/A,Cannot Be Fulfilled / Discontinued,,,,,,,,,,,,,,,FALSE,FALSE,,,FALSE
190,AMCTRBKM700SA,"Amend2 Modular Chassis (AMC) System Combo Kit - Black Trakker Stock, Magnesium Remington® Model 700 Short-Action Mini Chassis",Discontinued,N/A,Cannot Be Fulfilled / Discontinued,,,,,,,,,,,,,,,FALSE,FALSE,,,FALSE
191,A2AMSBATTASSY,Amend2® Modular Stock (AMS) Accessory - Battery Storage Assembly,Discontinued,N/A,Cannot Be Fulfilled / Discontinued,,,,,,,,,,,,,,,FALSE,FALSE,,,FALSE
192,A2AMSLOWSCOMP,Amend2® Modular Stock (AMS) Accessory - Lower Storage Assembly,Discontinued,N/A,Cannot Be Fulfilled / Discontinued,,,,,,,,,,,,,,,FALSE,FALSE,,,FALSE
193,A2AMSMLOKPLATE,Amend2® Modular Stock (AMS) Accessory - M-LOK® Plate,Discontinued,N/A,Cannot Be Fulfilled / Discontinued,,,,,,,,,,,,,,,FALSE,FALSE,,,FALSE
194,A2SELFDEFPEN,V2 Reinforced-G10 Self-Defense Pen,Discontinued,N/A,Cannot Be Fulfilled / Discontinued,,,,,,,,,,,,,,,FALSE,FALSE,,,FALSE
195,A2SELFDEFPENDISP,Self-Defense Pen POS Display Containing 24 V2 Reinforced-G10 Self-Defense Pens (Item # A2SELFDEFPEN),Discontinued,N/A,Cannot Be Fulfilled / Discontinued,,,,,,,,,,,,,,,FALSE,FALSE,,,FALSE
196,SDTOOL,Amend2® Reinforced-G10 Red Self-Defense Tool,In-Stock,Ships ASAP (up to 4 weeks),08/01/2026 - 08/29/2026,0,4,Weeks,,,,,,,,,,,,FALSE,FALSE,08/01/2026,08/29/2026,FALSE
197,SDTOOLDISP,Amend2® Self-Defense Tool POS Display Containing 24 Reinforced-G10 Red Self-Defense Tools (Item # SDTOOL),In-Stock,Ships ASAP (up to 4 weeks),08/01/2026 - 08/29/2026,0,4,Weeks,,,,,,,,,,,,FALSE,FALSE,08/01/2026,08/29/2026,FALSE
198,BLTMAG,Universal Belt Rider Mag Carrier,In-Stock,Ships ASAP (up to 4 weeks),08/01/2026 - 08/29/2026,0,4,Weeks,,,,,,,,,,,,FALSE,FALSE,08/01/2026,08/29/2026,FALSE
199,PKMAG,Universal Pocket Mag® Carrier,Backordered,13 - 17 weeks,11/01/2026 - 12/01/2026,13,17,Weeks,,,,,,,,,,,,FALSE,FALSE,11/01/2026,12/01/2026,FALSE
200,TCCPX,Techna Carry® Minimalist Holster compatible with SCCY® CPX 9mm Luger Pistols,TBD,TBD,TBD,,,Weeks,,,,,,,,,,,,FALSE,FALSE,,,FALSE
201,TCG2,Techna Carry® Minimalist Holster compatible with Taurus® G2/G3 9mm Luger & .40 S&W Pistols,Made to Order,0 - 4 weeks,08/01/2026 - 08/29/2026,0,4,Weeks,,,,,,,,,,,,FALSE,FALSE,08/01/2026,08/29/2026,FALSE
202,TCG4243,"Techna Carry® Minimalist Holster compatible with GLOCK® G42, G43, G43x, G48 and Shadow Systems® CR920 .380 ACP & 9mm Luger Pistols",Made to Order,0 - 4 weeks,08/01/2026 - 08/29/2026,0,4,Weeks,,,,,,,,,,,,FALSE,FALSE,08/01/2026,08/29/2026,FALSE
203,TCGLOCK,"Techna Carry® Minimalist Holster compatible with GLOCK® Double Stack 9mm Luger, .40 S&W, .45 ACP & 10mm Auto Pistols",Made to Order,0 - 4 weeks,08/01/2026 - 08/29/2026,0,4,Weeks,,,,,,,,,,,,FALSE,FALSE,08/01/2026,08/29/2026,FALSE
204,TCHC,Techna Carry® Minimalist Holster compatible with Springfield Armory® Hellcat® (all except the Hellcat® Pro) 9mm Luger Pistols,TBD,TBD,TBD,,,Weeks,,,,,,,,,,,,FALSE,FALSE,,,FALSE
205,TCLCP,Techna Carry® Minimalist Holster compatible with Ruger® LCP® .380 ACP Pistols,Made to Order,0 - 4 weeks,08/01/2026 - 08/29/2026,0,4,Weeks,,,,,,,,,,,,FALSE,FALSE,08/01/2026,08/29/2026,FALSE
206,TCLCPII,Techna Carry® Minimalist Holster compatible with Ruger® LCP® II .380 ACP Pistols,TBD,TBD,TBD,,,Weeks,,,,,,,,,,,,FALSE,FALSE,,,FALSE
207,TCMP,"Techna Carry® Minimalist Holster compatible with Smith & Wesson® M&P® M2.0™ 9mm Luger, .40 S&W & .45 ACP Pistols",Made to Order,0 - 4 weeks,08/01/2026 - 08/29/2026,0,4,Weeks,,,,,,,,,,,,FALSE,FALSE,08/01/2026,08/29/2026,FALSE
208,TCP320,Techna Carry® Minimalist Holster compatible with SIG SAUER® P320® 9mm Luger Pistols,TBD,TBD,TBD,,,Weeks,,,,,,,,,,,,FALSE,FALSE,,,FALSE
209,TCP365,Techna Carry® Minimalist Holster compatible with SIG SAUER® P365® (all except the XMACRO) 9mm LugerPistols,Made to Order,0 - 4 weeks,08/01/2026 - 08/29/2026,0,4,Weeks,,,,,,,,,,,,FALSE,FALSE,08/01/2026,08/29/2026,FALSE
210,TCSDW,"Techna Carry® Minimalist Holster compatible with Shadow Systems® MR920, XR920 and DR920 9mm LugerPistols",TBD,TBD,TBD,,,Weeks,,,,,,,,,,,,FALSE,FALSE,,,FALSE
211,TCSHD,"Techna Carry® Minimalist Holster compatible with Smith & Wesson® M&P® Shield™ 9mm Luger, .40 S&W & .45 ACP Pistols",Made to Order,0 - 4 weeks,08/01/2026 - 08/29/2026,0,4,Weeks,,,,,,,,,,,,FALSE,FALSE,08/01/2026,08/29/2026,FALSE
212,TCSHDEZ,Techna Carry® Minimalist Holster compatible with Smith & Wesson® M&P® Shield EZ 9mm Luger Pistols,TBD,TBD,TBD,,,Weeks,,,,,,,,,,,,FALSE,FALSE,,,FALSE
213,TCTP9,Techna Carry® Minimalist Holster compatible with Canik® TP9 9mm Luger Pistols,TBD,TBD,TBD,,,Weeks,,,,,,,,,,,,FALSE,FALSE,,,FALSE
214,CCKG2BA,Concealed Carry Kit includes Techna Clip® G2BA and Trigger Guard Cover with Paracord compatible with Taurus® G2 Millenium/Slim Series 9mm Luger & .40 S&W Pistols,In-Stock,Ships ASAP (up to 4 weeks),08/01/2026 - 08/29/2026,0,4,Weeks,,,,,,,,,,,,FALSE,FALSE,08/01/2026,08/29/2026,FALSE
215,CCKG43BRL,"Concealed Carry Kit includes Techna Clip® G43BRL and Trigger Guard Cover with Paracord compatible with GLOCK® Models G43, G43x and G48 9mm Luger Pistols",In-Stock,Ships ASAP (up to 4 weeks),08/01/2026 - 08/29/2026,0,4,Weeks,,,,,,,,,,,,FALSE,FALSE,08/01/2026,08/29/2026,FALSE
216,CCKGLOCKBRL,"Concealed Carry Kit includes Techna Clip® GLOCKBRL and Trigger Guard Cover with Paracord compatible with GLOCK® G17, G19, G22, G23, G24, G25, G26, G27, G28, G30S, G31, G32, G34, G35, G36, G41 and G45 9mm Luger & .40 S&WPistols",In-Stock,Ships ASAP (up to 4 weeks),08/01/2026 - 08/29/2026,0,4,Weeks,,,,,,,,,,,,FALSE,FALSE,08/01/2026,08/29/2026,FALSE
217,CCKLCPBR,Concealed Carry Kit includes Techna Clip® LCPBR and Trigger Guard Cover with Paracord compatible with Ruger® .380 LCP®Pistols,In-Stock,Ships ASAP (up to 4 weeks),08/01/2026 - 08/29/2026,0,4,Weeks,,,,,,,,,,,,FALSE,FALSE,08/01/2026,08/29/2026,FALSE
218,CCKP365BA,Concealed Carry Kit includes Techna Clip® P365BA and Trigger Guard Cover with Paracord compatible with SIG SAUER® P365® (all except the XMACRO) 9mm Luger Pistols,In-Stock,Ships ASAP (up to 4 weeks),08/01/2026 - 08/29/2026,0,4,Weeks,,,,,,,,,,,,FALSE,FALSE,08/01/2026,08/29/2026,FALSE
219,CCKSHBR,Concealed Carry Kit includes Techna Clip® SHBR and Trigger Guard Cover with Paracord compatible with Smith & Wesson® M&P® Shield™ 9mm Luger & .40 S&W Pistols,In-Stock,Ships ASAP (up to 4 weeks),08/01/2026 - 08/29/2026,0,4,Weeks,,,,,,,,,,,,FALSE,FALSE,08/01/2026,08/29/2026,FALSE
220,BDGBR,Techna Clip® Minimalist Holster compatible with Smith & Wesson® M&P® Bodyguard .380 ACP Pistols (Right-Side),In-Stock,Ships ASAP (up to 4 weeks),08/01/2026 - 08/29/2026,0,4,Weeks,,,,,,,,,,,,FALSE,FALSE,08/01/2026,08/29/2026,FALSE
221,COMBR,Techna Clip® Minimalist Holster compatible with 1911 Full Size .45 ACP Pistols (Right-Side),In-Stock,Ships ASAP (up to 4 weeks),08/01/2026 - 08/29/2026,0,4,Weeks,,,,,,,,,,,,FALSE,FALSE,08/01/2026,08/29/2026,FALSE
222,DBBR,Techna Clip® Minimalist Holster compatible with Diamondback® DB380/DB9 .380 ACP & 9mm Luger Pistols (Right-Side),In-Stock,Ships ASAP (up to 4 weeks),08/01/2026 - 08/29/2026,0,4,Weeks,,,,,,,,,,,,FALSE,FALSE,08/01/2026,08/29/2026,FALSE
223,DEFBR,Techna Clip® Minimalist Holster compatible with 1911 Compact .45 ACP Pistols (Right-Side),In-Stock,Ships ASAP (up to 4 weeks),08/01/2026 - 08/29/2026,0,4,Weeks,,,,,,,,,,,,FALSE,FALSE,08/01/2026,08/29/2026,FALSE
224,G2BA,Techna Clip® Minimalist Holster compatible with Taurus® G2 Millennium/Slim Series 9mm Luger & .40 S&WPistols (Ambi),In-Stock,Ships ASAP (up to 4 weeks),08/01/2026 - 08/29/2026,0,4,Weeks,,,,,,,,,,,,FALSE,FALSE,08/01/2026,08/29/2026,FALSE
225,G42BRL,Techna Clip® Minimalist Holster compatible with GLOCK® G42 .380 ACP Pistols (Ambi),TBD,TBD,TBD,,,Weeks,,,,,,,,,,,,FALSE,FALSE,,,FALSE
226,G43BRL,"Techna Clip® Minimalist Holster compatible with GLOCK® G43, G43x and G48 9mm Luger Pistols (Ambi)",Backordered,13 - 17 weeks,11/01/2026 - 12/01/2026,13,17,Weeks,,,,,,,,,,,,FALSE,FALSE,11/01/2026,12/01/2026,FALSE
227,GLOCK10BRL,"Techna Clip® Minimalist Holster compatible with GLOCK® G20, G21, G21SF, G29, G29SF, G30, G30SF, G37, G38, G39 and G40 .45 ACP & 10mm Auto Pistols (Ambi)",Discontinued,N/A,Cannot Be Fulfilled / Discontinued,,,,,,,,,,,,,,,FALSE,FALSE,,,FALSE
228,GLOCKBRL,"Techna Clip® Minimalist Holster compatible with GLOCK® G17, G19, G22, G23, G24, G25, G26, G27, G28, G30S, G31, G32, G34, G35, G36, G41, G41 MOS, G45 and PSA Dagger 9mm Luger & .40 S&W Pistols (Ambi)",In-Stock,Ships ASAP (up to 4 weeks),08/01/2026 - 08/29/2026,0,4,Weeks,,,,,,,,,,,,FALSE,FALSE,08/01/2026,08/29/2026,FALSE
229,GX4BA,Techna Clip® Minimalist Holster compatible with Taurus® GX4™ 9mm Luger Pistols (Ambi),In-Stock,Ships ASAP (up to 4 weeks),08/01/2026 - 08/29/2026,0,4,Weeks,,,,,,,,,,,,FALSE,FALSE,08/01/2026,08/29/2026,FALSE
230,HELLCATBA,Techna Clip® Minimalist Holster compatible with Springfield Armory® Hellcat® 9mm Luger Pistols (Ambi),In-Stock,Ships ASAP (up to 4 weeks),08/01/2026 - 08/29/2026,0,4,Weeks,,,,,,,,,,,,FALSE,FALSE,08/01/2026,08/29/2026,FALSE
231,JFRBR,Techna Clip® Minimalist Holster compatible with Smith & Wesson® J-Frame Pistols (Right-Side),Discontinued,N/A,Cannot Be Fulfilled / Discontinued,,,,,,,,,,,,,,,FALSE,FALSE,,,FALSE
232,KHRBR,Techna Clip® Minimalist Holster compatible with Kahr® 9mm Luger & .40 S&W Pistols (Right-Side),In-Stock,Ships ASAP (up to 4 weeks),08/01/2026 - 08/29/2026,0,4,Weeks,,,,,,,,,,,,FALSE,FALSE,08/01/2026,08/29/2026,FALSE
233,LC9BL,Techna Clip® Minimalist Holster compatible with Ruger® LC9® 9mm Luger Pistols (Left-Side),In-Stock,Ships ASAP (up to 4 weeks),08/01/2026 - 08/29/2026,0,4,Weeks,,,,,,,,,,,,FALSE,FALSE,08/01/2026,08/29/2026,FALSE
234,LC9BR,Techna Clip® Minimalist Holster compatible with Ruger® LC9® 9mm Luger Pistols (Right-Side),In-Stock,Ships ASAP (up to 4 weeks),08/01/2026 - 08/29/2026,0,4,Weeks,,,,,,,,,,,,FALSE,FALSE,08/01/2026,08/29/2026,FALSE
235,LC9SBR,Techna Clip® Minimalist Holster compatible with Ruger® LC9S®/EC9S® 9mm Luger Pistols (Right-Side),In-Stock,Ships ASAP (up to 4 weeks),08/01/2026 - 08/29/2026,0,4,Weeks,,,,,,,,,,,,FALSE,FALSE,08/01/2026,08/29/2026,FALSE
236,LCPBL,Techna Clip® Minimalist Holster compatible with Ruger® LCP® .380 ACP Pistols (Left-Side),In-Stock,Ships ASAP (up to 4 weeks),08/01/2026 - 08/29/2026,0,4,Weeks,,,,,,,,,,,,FALSE,FALSE,08/01/2026,08/29/2026,FALSE
237,LCPBR,Techna Clip® Minimalist Holster compatible with Ruger® LCP® .380 ACP Pistols (Right-Side),In-Stock,Ships ASAP (up to 4 weeks),08/01/2026 - 08/29/2026,0,4,Weeks,,,,,,,,,,,,FALSE,FALSE,08/01/2026,08/29/2026,FALSE
238,LCPIIBR,Techna Clip® Minimalist Holster compatible with Ruger® LCP® II .380 Pistols (Right-Side),Backordered,13 - 17 weeks,11/01/2026 - 12/01/2026,13,17,Weeks,,,,,,,,,,,,FALSE,FALSE,11/01/2026,12/01/2026,FALSE
239,MIC9BR,Techna Clip® Minimalist Holster compatible with Kimber® Micro 9 9mm Luger Pistols (Right-Side),Discontinued,N/A,Cannot Be Fulfilled / Discontinued,,,,,,,,,,,,,,,FALSE,FALSE,,,FALSE
240,MPBA,"Techna Clip® Minimalist Holster compatible with Smith & Wesson® M&P® M2.0™ 9mm, .40 & .45 Pistols (Ambidextrous)",Discontinued,N/A,Cannot Be Fulfilled / Discontinued,,,,,,,,,,,,,,,FALSE,FALSE,,,FALSE
241,NABR,Techna Clip® Minimalist Holster compatible with Beretta® Nano® 9mm Luger Pistols (Right-Side),In-Stock,Ships ASAP (up to 4 weeks),08/01/2026 - 08/29/2026,0,4,Weeks,,,,,,,,,,,,FALSE,FALSE,08/01/2026,08/29/2026,FALSE
242,P238BR,Techna Clip® Minimalist Holster compatible with SIG SAUER® P238® .380 ACP Pistols (Right-Side),In-Stock,Ships ASAP (up to 4 weeks),08/01/2026 - 08/29/2026,0,4,Weeks,,,,,,,,,,,,FALSE,FALSE,08/01/2026,08/29/2026,FALSE
243,P320BA,Techna Clip® Minimalist Holster compatible with SIG SAUER® P320® 9mm Luger Pistols (Right-Side),In-Stock,Ships ASAP (up to 4 weeks),08/01/2026 - 08/29/2026,0,4,Weeks,,,,,,,,,,,,FALSE,FALSE,08/01/2026,08/29/2026,FALSE
244,P365BA,Techna Clip® Minimalist Holster compatible with SIG SAUER® P365® (all except the XMACRO) 9mm Luger Pistols (Ambi),Backordered,13 - 17 weeks,11/01/2026 - 12/01/2026,13,17,Weeks,,,,,,,,,,,,FALSE,FALSE,11/01/2026,12/01/2026,FALSE
245,P3BR,Techna Clip® Minimalist Holster compatible with KelTec® P3AT™/P32™ .380 ACP Pistols (Right-Side),In-Stock,Ships ASAP (up to 4 weeks),08/01/2026 - 08/29/2026,0,4,Weeks,,,,,,,,,,,,FALSE,FALSE,08/01/2026,08/29/2026,FALSE
246,P938BR,Techna Clip® Minimalist Holster compatible with SIG SAUER® P938® 9mm Luger Pistols (Right-Side),Discontinued,N/A,Cannot Be Fulfilled / Discontinued,,,,,,,,,,,,,,,FALSE,FALSE,,,FALSE
247,SDBA,Techna Clip® Minimalist Holster compatible with Smith & Wesson® SD9 VE™ & SD40 VE™ 9mm Luger & .40 S&W Pistols (Ambi),In-Stock,Ships ASAP (up to 4 weeks),08/01/2026 - 08/29/2026,0,4,Weeks,,,,,,,,,,,,FALSE,FALSE,08/01/2026,08/29/2026,FALSE
248,SH45BA,Techna Clip® Minimalist Holster compatible with Smith & Wesson® M&P® Shield™ .45 ACP Pistols (Right-Side),In-Stock,Ships ASAP (up to 4 weeks),08/01/2026 - 08/29/2026,0,4,Weeks,,,,,,,,,,,,FALSE,FALSE,08/01/2026,08/29/2026,FALSE
249,SHBR,Techna Clip® Minimalist Holster compatible with Smith & Wesson® M&P® Shield™ 9mm Luger & .40 S&WPistols (Right-Side),In-Stock,Ships ASAP (up to 4 weeks),08/01/2026 - 08/29/2026,0,4,Weeks,,,,,,,,,,,,FALSE,FALSE,08/01/2026,08/29/2026,FALSE
250,SR9BA,"Techna Clip® Minimalist Holster compatible with Ruger® SR-Series™ 9mm Luger, .40 S&W & .45 ACP Pistols (Ambi)",In-Stock,Ships ASAP (up to 4 weeks),08/01/2026 - 08/29/2026,0,4,Weeks,,,,,,,,,,,,FALSE,FALSE,08/01/2026,08/29/2026,FALSE
251,XDBA,"Techna Clip® Minimalist Holster compatible with Springfield Armory® XD® 9mm Luger, .40 S&W & .45 ACPPistols (Ambi)",In-Stock,Ships ASAP (up to 4 weeks),08/01/2026 - 08/29/2026,0,4,Weeks,,,,,,,,,,,,FALSE,FALSE,08/01/2026,08/29/2026,FALSE
252,XDMBR,"Techna Clip® Minimalist Holster compatible with Springfield Armory® XD-M®/XD Mod.2® 9mm Luger, .40 S&W & .45 ACP Pistols (Right-Side)",In-Stock,Ships ASAP (up to 4 weeks),08/01/2026 - 08/29/2026,0,4,Weeks,,,,,,,,,,,,FALSE,FALSE,08/01/2026,08/29/2026,FALSE
253,XDSBA,"Techna Clip® Minimalist Holster compatible with Springfield Armory® XD-S®/XD-S Mod.2® 9mm Luger, .40 S&W & .45 ACP Pistols (Ambi)",In-Stock,Ships ASAP (up to 4 weeks),08/01/2026 - 08/29/2026,0,4,Weeks,,,,,,,,,,,,FALSE,FALSE,08/01/2026,08/29/2026,FALSE
254,TGCPX,Trigger Guard Cover with Paracord compatible with SCCY® CPX-1 & CPX-2 9mm Luger Pistols,Made to Order,0 - 4 weeks,08/01/2026 - 08/29/2026,0,4,Weeks,,,,,,,,,,,,FALSE,FALSE,08/01/2026,08/29/2026,FALSE
255,TGG2,Trigger Guard Cover with Paracord compatible with Taurus® G2/G3 9mm Luger & .40 S&W Pistols,Made to Order,0 - 4 weeks,08/01/2026 - 08/29/2026,0,4,Weeks,,,,,,,,,,,,FALSE,FALSE,08/01/2026,08/29/2026,FALSE
256,TGG4243,"Trigger Guard Cover with Paracord compatible with GLOCK® G42, G43, G43x, G48 and Shadow Systems® CR920 9mm Luger Pistols",Made to Order,0 - 4 weeks,08/01/2026 - 08/29/2026,0,4,Weeks,,,,,,,,,,,,FALSE,FALSE,08/01/2026,08/29/2026,FALSE
257,TGGLK,"Trigger Guard Cover with Paracord compatible with GLOCK® Double Stack 9mm Luger, .40 S&W, .45 ACP & 10mmAuto Pistols",Made to Order,0 - 4 weeks,08/01/2026 - 08/29/2026,0,4,Weeks,,,,,,,,,,,,FALSE,FALSE,08/01/2026,08/29/2026,FALSE
258,TGHC,Trigger Guard Cover with Paracord compatible with the Springfield Armory® Hellcat® (except the Hellcat® Pro) 9mm Luger Pistols,Made to Order,0 - 4 weeks,08/01/2026 - 08/29/2026,0,4,Weeks,,,,,,,,,,,,FALSE,FALSE,08/01/2026,08/29/2026,FALSE
259,TGLCP,Trigger Guard Cover with Paracord compatible with Ruger® LCP® .380 ACP Pistols,Made to Order,0 - 4 weeks,08/01/2026 - 08/29/2026,0,4,Weeks,,,,,,,,,,,,FALSE,FALSE,08/01/2026,08/29/2026,FALSE
260,TGLCPII,Trigger Guard Cover with Paracord compatible with Ruger® LCP® II .380 ACP Pistols,TBD,TBD,TBD,,,Weeks,,,,,,,,,,,,FALSE,FALSE,,,FALSE
261,TGMP,"Trigger Guard Cover with Paracord compatible with Smith & Wesson® M&P® M2.0™ 9mm Luger, .40 S&W & .45 ACP Pistols",Made to Order,0 - 4 weeks,08/01/2026 - 08/29/2026,0,4,Weeks,,,,,,,,,,,,FALSE,FALSE,08/01/2026,08/29/2026,FALSE
262,TGP320,Trigger Guard Cover with Paracord compatible with the SIG SAUER® P320® 9mm Pistols,TBD,TBD,TBD,,,Weeks,,,,,,,,,,,,FALSE,FALSE,,,FALSE
263,TGP365,Trigger Guard Cover with Paracord compatible with SIG SAUER® P365® (all except the XMACRO) 9mm Luger Pistols,Made to Order,0 - 4 weeks,08/01/2026 - 08/29/2026,0,4,Weeks,,,,,,,,,,,,FALSE,FALSE,08/01/2026,08/29/2026,FALSE
264,TGSDW,"Trigger Guard Cover with Paracord compatible with the Shadow Systems® DR920, MR920 & XR920 9mm Pistols",TBD,TBD,TBD,,,Weeks,,,,,,,,,,,,FALSE,FALSE,,,FALSE
265,TGSHD,Trigger Guard Cover with Paracord compatible with Smith & Wesson® M&P® Shield™ 9mm Luger & .40 S&W Pistols,Made to Order,0 - 4 weeks,08/01/2026 - 08/29/2026,0,4,Weeks,,,,,,,,,,,,FALSE,FALSE,08/01/2026,08/29/2026,FALSE
266,TGSHDEZ,Trigger Guard Cover with Paracord compatible with Smith & Wesson® M&P® Shield EZ 9mm Luger Pistols,Made to Order,0 - 4 weeks,08/01/2026 - 08/29/2026,0,4,Weeks,,,,,,,,,,,,FALSE,FALSE,08/01/2026,08/29/2026,FALSE
267,TGTP9,Trigger Guard Cover with Paracord compatible with the Canik® TP9 9mm Pistols,TBD,TBD,TBD,,,Weeks,,,,,,,,,,,,FALSE,FALSE,,,FALSE
268,CCKSP36,"Concealed Carry Kit Starter Pack - 36 Concealed Carry Kit Units w/ Rotating Display (CCKGLOCKBRL, CCKG43BRL, CCKLCPBR, CCKG2BA, CCKP365BA, CCKSHBR)",Made to Order,0 - 6 weeks,08/01/2026 - 09/12/2026,0,6,Weeks,CCKGLOCKBRL,CCKG43BRL,CCKLCPBR,CCKG2BA,CCKP365BA,CCKSHBR,,,2,08/01/2026,08/29/2026,FALSE,FALSE,08/01/2026,09/12/2026,FALSE
269,SP48,"Techna Clip® Top 8 Starter Pack - 48 Techna Clip® Units w/ Rotating Display (GLOCKBRL, G2BA, G43BRL, LCPBR, P365BA, SHBR, GX4BA, LCPIIBR)",Made to Order,13 - 19 weeks,11/01/2026 - 12/15/2026,13,19,Weeks,GLOCKBRL,G2BA,G43BRL,LCPBR,P365BA,SHBR,GX4BA,LCPIIBR,2,11/01/2026,12/01/2026,FALSE,FALSE,11/01/2026,12/15/2026,FALSE
270,TCSP24,"Techna Carry® Starter Pack - 24 Techna Carry® Units w/ Rotating Display (TCGLOCK, TCG4243, TCLCP, TCG2, TCP365, TCSHD)",Made to Order,0 - 6 weeks,08/01/2026 - 09/12/2026,0,6,Weeks,TCGLOCK,TCG4243,TCLCP,TCG2,TCP365,TCSHD,,,2,08/01/2026,08/29/2026,FALSE,FALSE,08/01/2026,09/12/2026,FALSE